Year, Total Demand, Total Shipped, Satisfaction Level
1,388723.0,353891.0,0.910394
2,368442.0,336309.0,0.912787
3,376816.0,342549.0,0.909062
4,387048.0,349736.0,0.903599
5,397840.0,355622.0,0.893882
6,383568.0,345251.0,0.900104
Lead Time, Satisfaction Level
15.0,99.5