Year, Total Demand, Total Shipped, Satisfaction Level
1,399023.0,379241.0,0.950424
2,410983.0,391986.0,0.953777
3,401315.0,380367.0,0.947802
4,405372.0,386971.0,0.954607
5,404836.0,389092.0,0.96111
6,395145.0,377432.0,0.955173
Lead Time, Satisfaction Level
5.0,99.5