Year, Total Demand, Total Shipped, Satisfaction Level
1,391921.0,386904.0,0.987199
2,395922.0,386587.0,0.976422
3,396992.0,389524.0,0.981189
4,400509.0,393418.0,0.982295
5,398054.0,390568.0,0.981194
6,395831.0,386861.0,0.977339
Lead Time, Satisfaction Level
2.0,99.5