Year, Total Demand, Total Shipped, Satisfaction Level
1,420494.0,394784.0,0.938858
2,414304.0,389983.0,0.941297
3,418033.0,395126.0,0.945203
4,412671.0,391413.0,0.948487
5,416488.0,397145.0,0.953557
6,412736.0,390594.0,0.946353
Lead Time, Satisfaction Level
7.0,99.5