Year, Total Demand, Total Shipped, Satisfaction Level
1,270637.0,268216.0,0.991054
2,264065.0,256349.0,0.97078
3,270365.0,265980.0,0.983781
4,275756.0,264541.0,0.95933
5,277052.0,268428.0,0.968872
6,276867.0,269742.0,0.974266
Lead Time, Satisfaction Level
1.0,99.5