Year, Total Demand, Total Shipped, Satisfaction Level
1,349683.0,319435.0,0.913499
2,342423.0,312519.0,0.912669
3,353299.0,318714.0,0.902108
4,344542.0,312236.0,0.906235
5,339261.0,308448.0,0.909176
6,341494.0,308045.0,0.902051
Lead Time, Satisfaction Level
15.0,99.9