Year, Total Demand, Total Shipped, Satisfaction Level
1,383795.0,366249.0,0.954283
2,393094.0,375511.0,0.95527
3,381601.0,367552.0,0.963184
4,392403.0,373629.0,0.952156
5,384383.0,364730.0,0.948871
6,392513.0,376998.0,0.960473
Lead Time, Satisfaction Level
5.0,99.9