Year, Total Demand, Total Shipped, Satisfaction Level
1,406355.0,398277.0,0.980121
2,398426.0,391407.0,0.982383
3,397044.0,388511.0,0.978509
4,388820.0,382366.0,0.983401
5,390485.0,383583.0,0.982325
6,401062.0,389215.0,0.970461
Lead Time, Satisfaction Level
2.0,99.9