Year, Total Demand, Total Shipped, Satisfaction Level
1,342124.0,320276.0,0.93614
2,344921.0,325035.0,0.942346
3,349598.0,326590.0,0.934187
4,339226.0,319122.0,0.940736
5,341603.0,321890.0,0.942293
6,345016.0,323991.0,0.939061
Lead Time, Satisfaction Level
7.0,99.9