Year, Total Demand, Total Shipped, Satisfaction Level
1,298884.0,291884.0,0.97658
2,302176.0,298135.0,0.986627
3,308735.0,293360.0,0.9502
4,303351.0,299656.0,0.987819
5,303525.0,295199.0,0.972569
6,300448.0,296392.0,0.9865
Lead Time, Satisfaction Level
1.0,99.9