Year, Total Demand, Total Shipped, Satisfaction Level
1,286493.0,277135.0,0.967336
2,284800.0,267787.0,0.940263
3,288478.0,273327.0,0.94748
4,288196.0,270764.0,0.939513
5,290329.0,276457.0,0.95222
6,276142.0,264178.0,0.956674
Lead Time, Satisfaction Level
5.0,99.0