Year, Total Demand, Total Shipped, Satisfaction Level
1,349708.0,346215.0,0.990012
2,369812.0,357641.0,0.967089
3,370012.0,358382.0,0.968569
4,364157.0,357199.0,0.980893
5,367523.0,352464.0,0.959026
6,363858.0,358848.0,0.986231
Lead Time, Satisfaction Level
1.0,99.0