Year, Total Demand, Total Shipped, Satisfaction Level
1,341647.0,313330.0,0.917116
2,339868.0,306750.0,0.902556
3,337423.0,306359.0,0.907938
4,339470.0,307178.0,0.904875
5,341168.0,307246.0,0.900571
6,337852.0,308524.0,0.913193
Lead Time, Satisfaction Level
15.0,99.0