Year, Total Demand, Total Shipped, Satisfaction Level
1,297162.0,289180.0,0.973139
2,288724.0,283887.0,0.983247
3,287191.0,280706.0,0.977419
4,282366.0,277587.0,0.983075
5,285822.0,278207.0,0.973358
6,285227.0,278246.0,0.975525
Lead Time, Satisfaction Level
2.0,99.0