Year, Total Demand, Total Shipped, Satisfaction Level
1,311391.0,294541.0,0.945888
2,310823.0,288475.0,0.928101
3,299963.0,282067.0,0.940339
4,305631.0,286053.0,0.935942
5,305021.0,289948.0,0.950584
6,302628.0,287239.0,0.949149
Lead Time, Satisfaction Level
7.0,99.0